[
{
    "model": "auth.permission",
    "pk": 1,
    "fields": {
        "name": "Can add log entry",
        "content_type": 1,
        "codename": "add_logentry"
    }
},
{
    "model": "auth.permission",
    "pk": 2,
    "fields": {
        "name": "Can change log entry",
        "content_type": 1,
        "codename": "change_logentry"
    }
},
{
    "model": "auth.permission",
    "pk": 3,
    "fields": {
        "name": "Can delete log entry",
        "content_type": 1,
        "codename": "delete_logentry"
    }
},
{
    "model": "auth.permission",
    "pk": 4,
    "fields": {
        "name": "Can view log entry",
        "content_type": 1,
        "codename": "view_logentry"
    }
},
{
    "model": "auth.permission",
    "pk": 5,
    "fields": {
        "name": "Can add permission",
        "content_type": 2,
        "codename": "add_permission"
    }
},
{
    "model": "auth.permission",
    "pk": 6,
    "fields": {
        "name": "Can change permission",
        "content_type": 2,
        "codename": "change_permission"
    }
},
{
    "model": "auth.permission",
    "pk": 7,
    "fields": {
        "name": "Can delete permission",
        "content_type": 2,
        "codename": "delete_permission"
    }
},
{
    "model": "auth.permission",
    "pk": 8,
    "fields": {
        "name": "Can view permission",
        "content_type": 2,
        "codename": "view_permission"
    }
},
{
    "model": "auth.permission",
    "pk": 9,
    "fields": {
        "name": "Can add group",
        "content_type": 3,
        "codename": "add_group"
    }
},
{
    "model": "auth.permission",
    "pk": 10,
    "fields": {
        "name": "Can change group",
        "content_type": 3,
        "codename": "change_group"
    }
},
{
    "model": "auth.permission",
    "pk": 11,
    "fields": {
        "name": "Can delete group",
        "content_type": 3,
        "codename": "delete_group"
    }
},
{
    "model": "auth.permission",
    "pk": 12,
    "fields": {
        "name": "Can view group",
        "content_type": 3,
        "codename": "view_group"
    }
},
{
    "model": "auth.permission",
    "pk": 13,
    "fields": {
        "name": "Can add user",
        "content_type": 4,
        "codename": "add_user"
    }
},
{
    "model": "auth.permission",
    "pk": 14,
    "fields": {
        "name": "Can change user",
        "content_type": 4,
        "codename": "change_user"
    }
},
{
    "model": "auth.permission",
    "pk": 15,
    "fields": {
        "name": "Can delete user",
        "content_type": 4,
        "codename": "delete_user"
    }
},
{
    "model": "auth.permission",
    "pk": 16,
    "fields": {
        "name": "Can view user",
        "content_type": 4,
        "codename": "view_user"
    }
},
{
    "model": "auth.permission",
    "pk": 17,
    "fields": {
        "name": "Can add content type",
        "content_type": 5,
        "codename": "add_contenttype"
    }
},
{
    "model": "auth.permission",
    "pk": 18,
    "fields": {
        "name": "Can change content type",
        "content_type": 5,
        "codename": "change_contenttype"
    }
},
{
    "model": "auth.permission",
    "pk": 19,
    "fields": {
        "name": "Can delete content type",
        "content_type": 5,
        "codename": "delete_contenttype"
    }
},
{
    "model": "auth.permission",
    "pk": 20,
    "fields": {
        "name": "Can view content type",
        "content_type": 5,
        "codename": "view_contenttype"
    }
},
{
    "model": "auth.permission",
    "pk": 21,
    "fields": {
        "name": "Can add session",
        "content_type": 6,
        "codename": "add_session"
    }
},
{
    "model": "auth.permission",
    "pk": 22,
    "fields": {
        "name": "Can change session",
        "content_type": 6,
        "codename": "change_session"
    }
},
{
    "model": "auth.permission",
    "pk": 23,
    "fields": {
        "name": "Can delete session",
        "content_type": 6,
        "codename": "delete_session"
    }
},
{
    "model": "auth.permission",
    "pk": 24,
    "fields": {
        "name": "Can view session",
        "content_type": 6,
        "codename": "view_session"
    }
},
{
    "model": "auth.permission",
    "pk": 25,
    "fields": {
        "name": "Can add biblioteca",
        "content_type": 7,
        "codename": "add_biblioteca"
    }
},
{
    "model": "auth.permission",
    "pk": 26,
    "fields": {
        "name": "Can change biblioteca",
        "content_type": 7,
        "codename": "change_biblioteca"
    }
},
{
    "model": "auth.permission",
    "pk": 27,
    "fields": {
        "name": "Can delete biblioteca",
        "content_type": 7,
        "codename": "delete_biblioteca"
    }
},
{
    "model": "auth.permission",
    "pk": 28,
    "fields": {
        "name": "Can view biblioteca",
        "content_type": 7,
        "codename": "view_biblioteca"
    }
},
{
    "model": "auth.permission",
    "pk": 29,
    "fields": {
        "name": "Can add coleccion",
        "content_type": 8,
        "codename": "add_coleccion"
    }
},
{
    "model": "auth.permission",
    "pk": 30,
    "fields": {
        "name": "Can change coleccion",
        "content_type": 8,
        "codename": "change_coleccion"
    }
},
{
    "model": "auth.permission",
    "pk": 31,
    "fields": {
        "name": "Can delete coleccion",
        "content_type": 8,
        "codename": "delete_coleccion"
    }
},
{
    "model": "auth.permission",
    "pk": 32,
    "fields": {
        "name": "Can view coleccion",
        "content_type": 8,
        "codename": "view_coleccion"
    }
},
{
    "model": "auth.permission",
    "pk": 33,
    "fields": {
        "name": "Can add distribuidora",
        "content_type": 9,
        "codename": "add_distribuidora"
    }
},
{
    "model": "auth.permission",
    "pk": 34,
    "fields": {
        "name": "Can change distribuidora",
        "content_type": 9,
        "codename": "change_distribuidora"
    }
},
{
    "model": "auth.permission",
    "pk": 35,
    "fields": {
        "name": "Can delete distribuidora",
        "content_type": 9,
        "codename": "delete_distribuidora"
    }
},
{
    "model": "auth.permission",
    "pk": 36,
    "fields": {
        "name": "Can view distribuidora",
        "content_type": 9,
        "codename": "view_distribuidora"
    }
},
{
    "model": "auth.permission",
    "pk": 37,
    "fields": {
        "name": "Can add usuario",
        "content_type": 10,
        "codename": "add_usuario"
    }
},
{
    "model": "auth.permission",
    "pk": 38,
    "fields": {
        "name": "Can change usuario",
        "content_type": 10,
        "codename": "change_usuario"
    }
},
{
    "model": "auth.permission",
    "pk": 39,
    "fields": {
        "name": "Can delete usuario",
        "content_type": 10,
        "codename": "delete_usuario"
    }
},
{
    "model": "auth.permission",
    "pk": 40,
    "fields": {
        "name": "Can view usuario",
        "content_type": 10,
        "codename": "view_usuario"
    }
},
{
    "model": "auth.permission",
    "pk": 41,
    "fields": {
        "name": "Can add coleccion biblioteca juego",
        "content_type": 11,
        "codename": "add_coleccionbibliotecajuego"
    }
},
{
    "model": "auth.permission",
    "pk": 42,
    "fields": {
        "name": "Can change coleccion biblioteca juego",
        "content_type": 11,
        "codename": "change_coleccionbibliotecajuego"
    }
},
{
    "model": "auth.permission",
    "pk": 43,
    "fields": {
        "name": "Can delete coleccion biblioteca juego",
        "content_type": 11,
        "codename": "delete_coleccionbibliotecajuego"
    }
},
{
    "model": "auth.permission",
    "pk": 44,
    "fields": {
        "name": "Can view coleccion biblioteca juego",
        "content_type": 11,
        "codename": "view_coleccionbibliotecajuego"
    }
},
{
    "model": "auth.permission",
    "pk": 45,
    "fields": {
        "name": "Can add juego",
        "content_type": 12,
        "codename": "add_juego"
    }
},
{
    "model": "auth.permission",
    "pk": 46,
    "fields": {
        "name": "Can change juego",
        "content_type": 12,
        "codename": "change_juego"
    }
},
{
    "model": "auth.permission",
    "pk": 47,
    "fields": {
        "name": "Can delete juego",
        "content_type": 12,
        "codename": "delete_juego"
    }
},
{
    "model": "auth.permission",
    "pk": 48,
    "fields": {
        "name": "Can view juego",
        "content_type": 12,
        "codename": "view_juego"
    }
},
{
    "model": "auth.permission",
    "pk": 49,
    "fields": {
        "name": "Can add tienda",
        "content_type": 13,
        "codename": "add_tienda"
    }
},
{
    "model": "auth.permission",
    "pk": 50,
    "fields": {
        "name": "Can change tienda",
        "content_type": 13,
        "codename": "change_tienda"
    }
},
{
    "model": "auth.permission",
    "pk": 51,
    "fields": {
        "name": "Can delete tienda",
        "content_type": 13,
        "codename": "delete_tienda"
    }
},
{
    "model": "auth.permission",
    "pk": 52,
    "fields": {
        "name": "Can view tienda",
        "content_type": 13,
        "codename": "view_tienda"
    }
},
{
    "model": "auth.permission",
    "pk": 53,
    "fields": {
        "name": "Can add puntos",
        "content_type": 14,
        "codename": "add_puntos"
    }
},
{
    "model": "auth.permission",
    "pk": 54,
    "fields": {
        "name": "Can change puntos",
        "content_type": 14,
        "codename": "change_puntos"
    }
},
{
    "model": "auth.permission",
    "pk": 55,
    "fields": {
        "name": "Can delete puntos",
        "content_type": 14,
        "codename": "delete_puntos"
    }
},
{
    "model": "auth.permission",
    "pk": 56,
    "fields": {
        "name": "Can view puntos",
        "content_type": 14,
        "codename": "view_puntos"
    }
},
{
    "model": "auth.permission",
    "pk": 57,
    "fields": {
        "name": "Can add perfil",
        "content_type": 15,
        "codename": "add_perfil"
    }
},
{
    "model": "auth.permission",
    "pk": 58,
    "fields": {
        "name": "Can change perfil",
        "content_type": 15,
        "codename": "change_perfil"
    }
},
{
    "model": "auth.permission",
    "pk": 59,
    "fields": {
        "name": "Can delete perfil",
        "content_type": 15,
        "codename": "delete_perfil"
    }
},
{
    "model": "auth.permission",
    "pk": 60,
    "fields": {
        "name": "Can view perfil",
        "content_type": 15,
        "codename": "view_perfil"
    }
},
{
    "model": "auth.permission",
    "pk": 61,
    "fields": {
        "name": "Can add carrito",
        "content_type": 16,
        "codename": "add_carrito"
    }
},
{
    "model": "auth.permission",
    "pk": 62,
    "fields": {
        "name": "Can change carrito",
        "content_type": 16,
        "codename": "change_carrito"
    }
},
{
    "model": "auth.permission",
    "pk": 63,
    "fields": {
        "name": "Can delete carrito",
        "content_type": 16,
        "codename": "delete_carrito"
    }
},
{
    "model": "auth.permission",
    "pk": 64,
    "fields": {
        "name": "Can view carrito",
        "content_type": 16,
        "codename": "view_carrito"
    }
},
{
    "model": "auth.permission",
    "pk": 65,
    "fields": {
        "name": "Can add amigos",
        "content_type": 17,
        "codename": "add_amigos"
    }
},
{
    "model": "auth.permission",
    "pk": 66,
    "fields": {
        "name": "Can change amigos",
        "content_type": 17,
        "codename": "change_amigos"
    }
},
{
    "model": "auth.permission",
    "pk": 67,
    "fields": {
        "name": "Can delete amigos",
        "content_type": 17,
        "codename": "delete_amigos"
    }
},
{
    "model": "auth.permission",
    "pk": 68,
    "fields": {
        "name": "Can view amigos",
        "content_type": 17,
        "codename": "view_amigos"
    }
},
{
    "model": "contenttypes.contenttype",
    "pk": 1,
    "fields": {
        "app_label": "admin",
        "model": "logentry"
    }
},
{
    "model": "contenttypes.contenttype",
    "pk": 2,
    "fields": {
        "app_label": "auth",
        "model": "permission"
    }
},
{
    "model": "contenttypes.contenttype",
    "pk": 3,
    "fields": {
        "app_label": "auth",
        "model": "group"
    }
},
{
    "model": "contenttypes.contenttype",
    "pk": 4,
    "fields": {
        "app_label": "auth",
        "model": "user"
    }
},
{
    "model": "contenttypes.contenttype",
    "pk": 5,
    "fields": {
        "app_label": "contenttypes",
        "model": "contenttype"
    }
},
{
    "model": "contenttypes.contenttype",
    "pk": 6,
    "fields": {
        "app_label": "sessions",
        "model": "session"
    }
},
{
    "model": "contenttypes.contenttype",
    "pk": 7,
    "fields": {
        "app_label": "Steam2",
        "model": "biblioteca"
    }
},
{
    "model": "contenttypes.contenttype",
    "pk": 8,
    "fields": {
        "app_label": "Steam2",
        "model": "coleccion"
    }
},
{
    "model": "contenttypes.contenttype",
    "pk": 9,
    "fields": {
        "app_label": "Steam2",
        "model": "distribuidora"
    }
},
{
    "model": "contenttypes.contenttype",
    "pk": 10,
    "fields": {
        "app_label": "Steam2",
        "model": "usuario"
    }
},
{
    "model": "contenttypes.contenttype",
    "pk": 11,
    "fields": {
        "app_label": "Steam2",
        "model": "coleccionbibliotecajuego"
    }
},
{
    "model": "contenttypes.contenttype",
    "pk": 12,
    "fields": {
        "app_label": "Steam2",
        "model": "juego"
    }
},
{
    "model": "contenttypes.contenttype",
    "pk": 13,
    "fields": {
        "app_label": "Steam2",
        "model": "tienda"
    }
},
{
    "model": "contenttypes.contenttype",
    "pk": 14,
    "fields": {
        "app_label": "Steam2",
        "model": "puntos"
    }
},
{
    "model": "contenttypes.contenttype",
    "pk": 15,
    "fields": {
        "app_label": "Steam2",
        "model": "perfil"
    }
},
{
    "model": "contenttypes.contenttype",
    "pk": 16,
    "fields": {
        "app_label": "Steam2",
        "model": "carrito"
    }
},
{
    "model": "contenttypes.contenttype",
    "pk": 17,
    "fields": {
        "app_label": "Steam2",
        "model": "amigos"
    }
},
{
    "model": "Steam2.usuario",
    "pk": 1,
    "fields": {
        "nombre": "She exist paper apply north. Low center accept reason strategy discover almost.",
        "contraseña": "Region it respond democratic worry. Mr including represent official second debate degree.",
        "saldo": "0.01",
        "fecha_registro": "2024-10-17T17:21:59.931"
    }
},
{
    "model": "Steam2.usuario",
    "pk": 2,
    "fields": {
        "nombre": "Health admit environment safe city evening night. Want sing training measure.",
        "contraseña": "Nation reach at talk note leader. Hour light ok stage I behind. May same single really.",
        "saldo": "0.68",
        "fecha_registro": "2024-10-17T17:21:59.931"
    }
},
{
    "model": "Steam2.usuario",
    "pk": 3,
    "fields": {
        "nombre": "Must senior imagine alone drive responsibility cause. Become make individual treatment.",
        "contraseña": "Easy night high. Beautiful material own authority few need imagine hope.",
        "saldo": "0.51",
        "fecha_registro": "2024-10-17T17:21:59.931"
    }
},
{
    "model": "Steam2.usuario",
    "pk": 4,
    "fields": {
        "nombre": "Usually expect choice source. Receive may once travel wind defense. Technology five we.",
        "contraseña": "Top skin focus be American. Seven Mr remember economy certain. Mention stand policy possible.",
        "saldo": "0.37",
        "fecha_registro": "2024-10-17T17:21:59.931"
    }
},
{
    "model": "Steam2.usuario",
    "pk": 5,
    "fields": {
        "nombre": "Account town kitchen company. Their responsibility item instead cold despite particular despite.",
        "contraseña": "Staff house this full professor. Man clear great cup and.\nCover result fish score region.",
        "saldo": "0.23",
        "fecha_registro": "2024-10-17T17:21:59.931"
    }
},
{
    "model": "Steam2.usuario",
    "pk": 6,
    "fields": {
        "nombre": "Blood mean sort result responsibility. Its most green kind.",
        "contraseña": "Middle rock south environment.",
        "saldo": "0.39",
        "fecha_registro": "2024-10-17T17:21:59.931"
    }
},
{
    "model": "Steam2.usuario",
    "pk": 7,
    "fields": {
        "nombre": "Industry door whom would teach and voice. Take avoid card data.",
        "contraseña": "Thank century air. Another vote activity break others month.",
        "saldo": "0.94",
        "fecha_registro": "2024-10-17T17:21:59.931"
    }
},
{
    "model": "Steam2.usuario",
    "pk": 8,
    "fields": {
        "nombre": "Thought growth total free whatever activity. Learn one room budget hard.",
        "contraseña": "Without understand drop investment take final plan.",
        "saldo": "0.58",
        "fecha_registro": "2024-10-17T17:21:59.931"
    }
},
{
    "model": "Steam2.usuario",
    "pk": 9,
    "fields": {
        "nombre": "Collection assume get network shake. Line leader none fund region item goal car.",
        "contraseña": "Strategy cut natural provide movement. Nor person million apply blood. Oil leg space go will.",
        "saldo": "0.56",
        "fecha_registro": "2024-10-17T17:21:59.931"
    }
},
{
    "model": "Steam2.usuario",
    "pk": 10,
    "fields": {
        "nombre": "Character or poor model leader. Responsibility argue nature card though board set.",
        "contraseña": "Animal building late significant improve throughout prove. Article our field we.",
        "saldo": "0.02",
        "fecha_registro": "2024-10-17T17:21:59.931"
    }
},
{
    "model": "Steam2.carrito",
    "pk": 1,
    "fields": {
        "usuario": 10,
        "total_items": 200,
        "total_precio": "0.91",
        "fecha_creacion": "2024-10-17T17:21:59.932"
    }
},
{
    "model": "Steam2.carrito",
    "pk": 2,
    "fields": {
        "usuario": 3,
        "total_items": 29374,
        "total_precio": "0.23",
        "fecha_creacion": "2024-10-17T17:21:59.932"
    }
},
{
    "model": "Steam2.carrito",
    "pk": 3,
    "fields": {
        "usuario": 2,
        "total_items": 7446,
        "total_precio": "0.25",
        "fecha_creacion": "2024-10-17T17:21:59.932"
    }
},
{
    "model": "Steam2.carrito",
    "pk": 4,
    "fields": {
        "usuario": 6,
        "total_items": 31374,
        "total_precio": "0.71",
        "fecha_creacion": "2024-10-17T17:21:59.932"
    }
},
{
    "model": "Steam2.carrito",
    "pk": 5,
    "fields": {
        "usuario": 8,
        "total_items": -9745,
        "total_precio": "0.88",
        "fecha_creacion": "2024-10-17T17:21:59.932"
    }
},
{
    "model": "Steam2.carrito",
    "pk": 6,
    "fields": {
        "usuario": 7,
        "total_items": 25241,
        "total_precio": "0.25",
        "fecha_creacion": "2024-10-17T17:21:59.932"
    }
},
{
    "model": "Steam2.carrito",
    "pk": 7,
    "fields": {
        "usuario": 1,
        "total_items": -3321,
        "total_precio": "0.67",
        "fecha_creacion": "2024-10-17T17:21:59.932"
    }
},
{
    "model": "Steam2.carrito",
    "pk": 8,
    "fields": {
        "usuario": 4,
        "total_items": -32001,
        "total_precio": "0.46",
        "fecha_creacion": "2024-10-17T17:21:59.932"
    }
},
{
    "model": "Steam2.carrito",
    "pk": 9,
    "fields": {
        "usuario": 5,
        "total_items": 2391,
        "total_precio": "0.76",
        "fecha_creacion": "2024-10-17T17:21:59.932"
    }
},
{
    "model": "Steam2.carrito",
    "pk": 10,
    "fields": {
        "usuario": 9,
        "total_items": 22008,
        "total_precio": "0.19",
        "fecha_creacion": "2024-10-17T17:21:59.932"
    }
},
{
    "model": "Steam2.biblioteca",
    "pk": 1,
    "fields": {
        "usuario": 8,
        "nombre": "Treatment once would analysis out use. Democratic tough relationship tax challenge small.",
        "fecha_creacion": "2024-10-17T17:21:59.932",
        "tamaño_total": 28795
    }
},
{
    "model": "Steam2.biblioteca",
    "pk": 2,
    "fields": {
        "usuario": 3,
        "nombre": "Capital after have husband visit industry. Nothing heart or performance garden hotel official.",
        "fecha_creacion": "2024-10-17T17:21:59.932",
        "tamaño_total": -27369
    }
},
{
    "model": "Steam2.biblioteca",
    "pk": 3,
    "fields": {
        "usuario": 4,
        "nombre": "Sister involve culture size here cover can. Great inside sound political commercial house.",
        "fecha_creacion": "2024-10-17T17:21:59.932",
        "tamaño_total": 9562
    }
},
{
    "model": "Steam2.biblioteca",
    "pk": 4,
    "fields": {
        "usuario": 9,
        "nombre": "Next improve rise find play. Soon year particular. Usually small not whatever.",
        "fecha_creacion": "2024-10-17T17:21:59.932",
        "tamaño_total": -4108
    }
},
{
    "model": "Steam2.biblioteca",
    "pk": 5,
    "fields": {
        "usuario": 7,
        "nombre": "Season feel effort positive all.",
        "fecha_creacion": "2024-10-17T17:21:59.932",
        "tamaño_total": 31134
    }
},
{
    "model": "Steam2.biblioteca",
    "pk": 6,
    "fields": {
        "usuario": 6,
        "nombre": "Wait scientist yet ability. Father produce room sure course those official.",
        "fecha_creacion": "2024-10-17T17:21:59.932",
        "tamaño_total": -29048
    }
},
{
    "model": "Steam2.biblioteca",
    "pk": 7,
    "fields": {
        "usuario": 2,
        "nombre": "Campaign pull action term. Look law operation red wall side east anything.",
        "fecha_creacion": "2024-10-17T17:21:59.932",
        "tamaño_total": -28106
    }
},
{
    "model": "Steam2.biblioteca",
    "pk": 8,
    "fields": {
        "usuario": 1,
        "nombre": "Bar apply fill. Across voice fall whether his trade. Per be performance mind unit subject.",
        "fecha_creacion": "2024-10-17T17:21:59.932",
        "tamaño_total": 27873
    }
},
{
    "model": "Steam2.biblioteca",
    "pk": 9,
    "fields": {
        "usuario": 10,
        "nombre": "Blue physical century. Everyone center also able side.\nBoth culture defense gun.",
        "fecha_creacion": "2024-10-17T17:21:59.932",
        "tamaño_total": 14183
    }
},
{
    "model": "Steam2.biblioteca",
    "pk": 10,
    "fields": {
        "usuario": 5,
        "nombre": "Usually that leave form which. Ago Democrat this center total then light realize.",
        "fecha_creacion": "2024-10-17T17:21:59.932",
        "tamaño_total": -14389
    }
},
{
    "model": "Steam2.puntos",
    "pk": 1,
    "fields": {
        "usuario": 1,
        "puntos_acumulados": -20856,
        "fecha_expiracion": "2000-08-24T12:22:51.449",
        "nivel": -10210
    }
},
{
    "model": "Steam2.puntos",
    "pk": 2,
    "fields": {
        "usuario": 9,
        "puntos_acumulados": -12625,
        "fecha_expiracion": "1975-01-12T21:18:07.061",
        "nivel": 3778
    }
},
{
    "model": "Steam2.puntos",
    "pk": 3,
    "fields": {
        "usuario": 4,
        "puntos_acumulados": -9511,
        "fecha_expiracion": "2016-08-21T14:31:59.783",
        "nivel": 30023
    }
},
{
    "model": "Steam2.puntos",
    "pk": 4,
    "fields": {
        "usuario": 8,
        "puntos_acumulados": 4097,
        "fecha_expiracion": "1972-10-10T05:37:35.347",
        "nivel": -26481
    }
},
{
    "model": "Steam2.puntos",
    "pk": 5,
    "fields": {
        "usuario": 10,
        "puntos_acumulados": -25616,
        "fecha_expiracion": "1982-06-29T15:47:13.992",
        "nivel": -13194
    }
},
{
    "model": "Steam2.puntos",
    "pk": 6,
    "fields": {
        "usuario": 6,
        "puntos_acumulados": 11276,
        "fecha_expiracion": "1994-06-02T04:39:33.468",
        "nivel": 690
    }
},
{
    "model": "Steam2.puntos",
    "pk": 7,
    "fields": {
        "usuario": 3,
        "puntos_acumulados": -8765,
        "fecha_expiracion": "2021-06-12T16:10:23.385",
        "nivel": -6353
    }
},
{
    "model": "Steam2.puntos",
    "pk": 8,
    "fields": {
        "usuario": 5,
        "puntos_acumulados": 24957,
        "fecha_expiracion": "2018-12-01T02:35:39.733",
        "nivel": 28110
    }
},
{
    "model": "Steam2.puntos",
    "pk": 9,
    "fields": {
        "usuario": 7,
        "puntos_acumulados": -9559,
        "fecha_expiracion": "2000-08-24T02:44:46.935",
        "nivel": -3168
    }
},
{
    "model": "Steam2.puntos",
    "pk": 10,
    "fields": {
        "usuario": 2,
        "puntos_acumulados": 17442,
        "fecha_expiracion": "2012-09-09T23:14:32.303",
        "nivel": -15013
    }
},
{
    "model": "Steam2.distribuidora",
    "pk": 1,
    "fields": {
        "nombre": "Feel sport arm ahead girl yourself admit. Visit agent forget successful its. Read run media.",
        "pais_origen": "Desconocido",
        "ingresos_anuales": "0.54"
    }
},
{
    "model": "Steam2.distribuidora",
    "pk": 2,
    "fields": {
        "nombre": "Court person pull apply possible account pass son.",
        "pais_origen": "Desconocido",
        "ingresos_anuales": "0.26"
    }
},
{
    "model": "Steam2.distribuidora",
    "pk": 3,
    "fields": {
        "nombre": "Share develop consumer now part. He ability style establish describe.",
        "pais_origen": "Desconocido",
        "ingresos_anuales": "0.11"
    }
},
{
    "model": "Steam2.distribuidora",
    "pk": 4,
    "fields": {
        "nombre": "Office term into behind. Peace huge as morning.",
        "pais_origen": "Desconocido",
        "ingresos_anuales": "0.72"
    }
},
{
    "model": "Steam2.distribuidora",
    "pk": 5,
    "fields": {
        "nombre": "Manage relate moment your free. Instead across personal case.",
        "pais_origen": "Desconocido",
        "ingresos_anuales": "0.67"
    }
},
{
    "model": "Steam2.distribuidora",
    "pk": 6,
    "fields": {
        "nombre": "Example wear gun condition. Seek send teach increase him sure process.",
        "pais_origen": "Desconocido",
        "ingresos_anuales": "0.24"
    }
},
{
    "model": "Steam2.distribuidora",
    "pk": 7,
    "fields": {
        "nombre": "Occur prevent hold control. Idea realize expert far fund example operation decision.",
        "pais_origen": "Desconocido",
        "ingresos_anuales": "0.86"
    }
},
{
    "model": "Steam2.distribuidora",
    "pk": 8,
    "fields": {
        "nombre": "People lawyer physical half.",
        "pais_origen": "Desconocido",
        "ingresos_anuales": "0.30"
    }
},
{
    "model": "Steam2.distribuidora",
    "pk": 9,
    "fields": {
        "nombre": "Than pay movie religious series position individual. Approach court three force.",
        "pais_origen": "Desconocido",
        "ingresos_anuales": "0.54"
    }
},
{
    "model": "Steam2.distribuidora",
    "pk": 10,
    "fields": {
        "nombre": "Organization lead left kid skin.",
        "pais_origen": "Desconocido",
        "ingresos_anuales": "0.99"
    }
},
{
    "model": "Steam2.juego",
    "pk": 1,
    "fields": {
        "nombre": "Image each weight country.\nMagazine around high light.",
        "precio": "0.86",
        "fecha_lanzamiento": "1992-01-14T10:29:18.422",
        "clasificacion_edad": 16,
        "distribuidora": 3
    }
},
{
    "model": "Steam2.juego",
    "pk": 2,
    "fields": {
        "nombre": "Down since less say. Recently while admit save.",
        "precio": "0.54",
        "fecha_lanzamiento": "2019-02-22T12:47:08.213",
        "clasificacion_edad": 18,
        "distribuidora": 10
    }
},
{
    "model": "Steam2.juego",
    "pk": 3,
    "fields": {
        "nombre": "Mr pay wrong window off garden. Late remember something cup talk town themselves.",
        "precio": "0.75",
        "fecha_lanzamiento": "2017-03-21T14:11:02.087",
        "clasificacion_edad": 16,
        "distribuidora": 3
    }
},
{
    "model": "Steam2.juego",
    "pk": 4,
    "fields": {
        "nombre": "Structure exactly necessary rich. Reveal PM leader first special whatever tend health.",
        "precio": "0.66",
        "fecha_lanzamiento": "1997-04-12T10:44:25.144",
        "clasificacion_edad": 0,
        "distribuidora": 1
    }
},
{
    "model": "Steam2.juego",
    "pk": 5,
    "fields": {
        "nombre": "Foot several former source hot piece. Phone expect together blue.",
        "precio": "0.92",
        "fecha_lanzamiento": "1985-03-18T02:22:04.203",
        "clasificacion_edad": 16,
        "distribuidora": 8
    }
},
{
    "model": "Steam2.juego",
    "pk": 6,
    "fields": {
        "nombre": "Building such finish charge. Play high least answer.",
        "precio": "0.27",
        "fecha_lanzamiento": "1978-11-23T00:24:20.568",
        "clasificacion_edad": 16,
        "distribuidora": 4
    }
},
{
    "model": "Steam2.juego",
    "pk": 7,
    "fields": {
        "nombre": "Administration product form material. Husband push line mother suddenly poor.",
        "precio": "0.61",
        "fecha_lanzamiento": "2014-10-19T21:01:01.964",
        "clasificacion_edad": 16,
        "distribuidora": 6
    }
},
{
    "model": "Steam2.juego",
    "pk": 8,
    "fields": {
        "nombre": "Safe join international as art. Health girl improve civil suggest.",
        "precio": "0.48",
        "fecha_lanzamiento": "2003-04-03T13:06:19.375",
        "clasificacion_edad": 16,
        "distribuidora": 9
    }
},
{
    "model": "Steam2.juego",
    "pk": 9,
    "fields": {
        "nombre": "Husband early voice purpose family here man. More year audience vote arm through radio.",
        "precio": "0.79",
        "fecha_lanzamiento": "1990-05-12T18:33:05.128",
        "clasificacion_edad": 12,
        "distribuidora": 3
    }
},
{
    "model": "Steam2.juego",
    "pk": 10,
    "fields": {
        "nombre": "Student central far figure look.",
        "precio": "0.22",
        "fecha_lanzamiento": "1999-09-14T23:35:47.411",
        "clasificacion_edad": 0,
        "distribuidora": 4
    }
},
{
    "model": "Steam2.perfil",
    "pk": 1,
    "fields": {
        "usuario": 3,
        "alias": "Book forget information leg. Child challenge whose time gun people understand friend.",
        "fecha_creacion": "2024-10-17T17:21:59.932",
        "ultima_conexion": "2024-10-17T17:21:59.932",
        "visibilidad": true
    }
},
{
    "model": "Steam2.perfil",
    "pk": 2,
    "fields": {
        "usuario": 1,
        "alias": "According whose three possible treatment hot. Specific court suddenly south partner expert.",
        "fecha_creacion": "2024-10-17T17:21:59.932",
        "ultima_conexion": "2024-10-17T17:21:59.932",
        "visibilidad": true
    }
},
{
    "model": "Steam2.perfil",
    "pk": 3,
    "fields": {
        "usuario": 5,
        "alias": "Respond quite service ten return fish same.",
        "fecha_creacion": "2024-10-17T17:21:59.932",
        "ultima_conexion": "2024-10-17T17:21:59.932",
        "visibilidad": true
    }
},
{
    "model": "Steam2.perfil",
    "pk": 4,
    "fields": {
        "usuario": 5,
        "alias": "Research music then. Husband guy prove good skill base area.",
        "fecha_creacion": "2024-10-17T17:21:59.932",
        "ultima_conexion": "2024-10-17T17:21:59.932",
        "visibilidad": true
    }
},
{
    "model": "Steam2.perfil",
    "pk": 5,
    "fields": {
        "usuario": 4,
        "alias": "Agree opportunity himself seem now. Across likely eight as space thank.",
        "fecha_creacion": "2024-10-17T17:21:59.932",
        "ultima_conexion": "2024-10-17T17:21:59.932",
        "visibilidad": true
    }
},
{
    "model": "Steam2.perfil",
    "pk": 6,
    "fields": {
        "usuario": 9,
        "alias": "Nature possible strong decision consider service stock past. Why receive choice represent skin.",
        "fecha_creacion": "2024-10-17T17:21:59.932",
        "ultima_conexion": "2024-10-17T17:21:59.932",
        "visibilidad": true
    }
},
{
    "model": "Steam2.perfil",
    "pk": 7,
    "fields": {
        "usuario": 10,
        "alias": "Early bad month behind job smile. Skin guy story can throw against real. Open material edge stop.",
        "fecha_creacion": "2024-10-17T17:21:59.932",
        "ultima_conexion": "2024-10-17T17:21:59.932",
        "visibilidad": true
    }
},
{
    "model": "Steam2.perfil",
    "pk": 8,
    "fields": {
        "usuario": 8,
        "alias": "Dinner system for so. Head range together worry. Piece weight style citizen thing his picture.",
        "fecha_creacion": "2024-10-17T17:21:59.932",
        "ultima_conexion": "2024-10-17T17:21:59.932",
        "visibilidad": true
    }
},
{
    "model": "Steam2.perfil",
    "pk": 9,
    "fields": {
        "usuario": 6,
        "alias": "Difference great away animal common popular.",
        "fecha_creacion": "2024-10-17T17:21:59.932",
        "ultima_conexion": "2024-10-17T17:21:59.932",
        "visibilidad": true
    }
},
{
    "model": "Steam2.perfil",
    "pk": 10,
    "fields": {
        "usuario": 2,
        "alias": "Cut few why job exist. Oil personal drop politics apply. Admit especially run this college.",
        "fecha_creacion": "2024-10-17T17:21:59.932",
        "ultima_conexion": "2024-10-17T17:21:59.932",
        "visibilidad": true
    }
},
{
    "model": "Steam2.amigos",
    "pk": 1,
    "fields": {
        "nivel_amistad": 24413,
        "interacciones_totales": 2856,
        "mensaje_personalizado": "Son fear effect season factor door environment. Every own real understand become word story place. Chair country theory leader affect never.\nBillion election window three. Allow trial through. Produce better growth fine call represent possible.",
        "usuarios": [
            1
        ]
    }
},
{
    "model": "Steam2.amigos",
    "pk": 2,
    "fields": {
        "nivel_amistad": 20005,
        "interacciones_totales": -7924,
        "mensaje_personalizado": "Tax represent that stuff organization name program. Hard necessary trouble since.\nOne effort generation song model opportunity heavy. Reach it guess performance dinner special. Test several hard east seek.\nHotel president former difficult south.",
        "usuarios": [
            2,
            4,
            5
        ]
    }
},
{
    "model": "Steam2.amigos",
    "pk": 3,
    "fields": {
        "nivel_amistad": 7708,
        "interacciones_totales": 14443,
        "mensaje_personalizado": "Population find we authority fall program. Father guess to. Simply realize study field relationship treatment loss discover.\nActivity avoid thus prove.\nSet serious ever child among audience hundred. Standard national shake message you indicate run.",
        "usuarios": [
            1
        ]
    }
},
{
    "model": "Steam2.amigos",
    "pk": 4,
    "fields": {
        "nivel_amistad": 16226,
        "interacciones_totales": -8018,
        "mensaje_personalizado": "Any use that scene board support cause. Finish realize late pass to. Soon mind concern foreign much. Which language natural test either myself maintain likely.\nTeam charge need ground message. Fact option become occur experience.",
        "usuarios": [
            1,
            3
        ]
    }
},
{
    "model": "Steam2.amigos",
    "pk": 5,
    "fields": {
        "nivel_amistad": 30274,
        "interacciones_totales": 25325,
        "mensaje_personalizado": "Set ground style run series understand ten. Determine water cut also behavior also.\nEverything fly top natural though another national. Relationship people ago language offer policy here. Box among well why.",
        "usuarios": [
            1
        ]
    }
},
{
    "model": "Steam2.amigos",
    "pk": 6,
    "fields": {
        "nivel_amistad": 24668,
        "interacciones_totales": 8022,
        "mensaje_personalizado": "Prove exist left beat agency song. Single able yes fly sea.\nExist truth laugh money itself way. Mouth growth name sit debate reach particularly impact. Star follow woman cell raise. Structure international fund those must total child.",
        "usuarios": [
            8
        ]
    }
},
{
    "model": "Steam2.amigos",
    "pk": 7,
    "fields": {
        "nivel_amistad": 30627,
        "interacciones_totales": -18209,
        "mensaje_personalizado": "Building hope very thousand have during.\nCare our sing culture. Film speech drug spend positive. Measure inside course tough billion.\nUse nation next into fall. Behind watch together. Close medical remain here scientist rule meet.",
        "usuarios": [
            1,
            2,
            10
        ]
    }
},
{
    "model": "Steam2.amigos",
    "pk": 8,
    "fields": {
        "nivel_amistad": -45,
        "interacciones_totales": -25362,
        "mensaje_personalizado": "Wonder order along me activity southern. Notice threat laugh budget difference situation speech necessary. Oil herself clearly significant.\nInvolve capital score cost measure million believe. Everything usually capital him film.",
        "usuarios": [
            8
        ]
    }
},
{
    "model": "Steam2.amigos",
    "pk": 9,
    "fields": {
        "nivel_amistad": -23223,
        "interacciones_totales": -17487,
        "mensaje_personalizado": "Arrive question any form unit establish control. Action suffer career also. Stand opportunity environmental child our dark.\nUse car year theory station. Material bag state executive opportunity. Sort miss that once difference issue.",
        "usuarios": [
            3
        ]
    }
},
{
    "model": "Steam2.amigos",
    "pk": 10,
    "fields": {
        "nivel_amistad": 24566,
        "interacciones_totales": 17751,
        "mensaje_personalizado": "We surface with. Kind management yes. Stock fire prepare season purpose.\nValue per remember along southern tonight three. Me become industry language message.\nFine kid somebody. Run government blue life condition. Stop else television live every among.",
        "usuarios": [
            2,
            4
        ]
    }
}
]
